cluster,avg_speed_kmh,total_distance_km,num_fires
1,0.03489196351198765,0.3355443824402813,5
